{"cameraMode":{"drawMode":0,"name":"Shaded","section":"Shading Mode"},"sceneLighting":true,"audioPlay":false,"sceneViewState":{"showFog":true,"showMaterialUpdate":false,"showSkybox":true,"showFlares":true,"showImageEffects":true,"showParticleSystems":true},"in2DMode":false,"pivot":{"x":-35.93017578125,"y":12.5009765625,"z":-11.7353515625},"rotation":{"x":0.3383841812610626,"y":0.21331435441970826,"z":-0.07905182242393494,"w":0.9130975604057312},"size":11.103092193603516,"orthographic":true}