{"cameraMode":{"drawMode":0,"name":"Shaded","section":"Shading Mode"},"sceneLighting":true,"audioPlay":false,"sceneViewState":{"showFog":true,"showMaterialUpdate":false,"showSkybox":true,"showFlares":true,"showImageEffects":true,"showParticleSystems":true},"in2DMode":false,"pivot":{"x":-29.960783004760743,"y":16.82128143310547,"z":-12.74264907836914},"rotation":{"x":0.3383841812610626,"y":0.21331435441970826,"z":-0.07905182242393494,"w":0.9130975604057312},"size":4.612117290496826,"orthographic":true}